prior_window_min,future_window_min,model,term,coef,ci_lo,ci_hi,p_value,n_obs,n_fixtures,excludes_zero,sample_status,calc_version
720,720,residual only,intercept,0.043693040750805594,0.021188205495785584,0.06810110640778584,0.002,54530,1277,True,VALIDATABLE,1.0.0
720,720,residual only,residual_pp,0.014230090021020013,0.009120107839154283,0.02097303015543394,0.0,54530,1277,True,VALIDATABLE,1.0.0
720,720,+ momentum,intercept,0.0369281516557309,0.0028936464090050145,0.06983705824861906,0.028,36350,1227,True,VALIDATABLE,1.0.0
720,720,+ momentum,residual_pp,0.008872696984540851,0.003950767264151952,0.013902127758518937,0.0,36350,1227,True,VALIDATABLE,1.0.0
720,720,+ momentum,prev_move_pp,-0.324219399849657,-0.5361327947663814,-0.0899239828488681,0.0,36350,1227,True,VALIDATABLE,1.0.0
720,720,+ momentum,velocity_pp_h,-0.6403139534987842,-1.2999789175861507,-0.11612468700570741,0.022,36350,1227,True,VALIDATABLE,1.0.0
720,720,+ momentum,acceleration_pp_h2,4.491949797414539,-1.4052913699051186,9.463496174630132,0.176,36350,1227,False,VALIDATABLE,1.0.0
720,720,+ full controls,intercept,0.34588964600620087,0.10081055660549813,0.5289225146422415,0.004,30998,1188,True,VALIDATABLE,1.0.0
720,720,+ full controls,residual_pp,0.013447964413668901,0.007441766161362507,0.01935757362014426,0.0,30998,1188,True,VALIDATABLE,1.0.0
720,720,+ full controls,prev_move_pp,-0.3395875525761086,-0.5207284244864736,-0.11068254348455853,0.0,30998,1188,True,VALIDATABLE,1.0.0
720,720,+ full controls,velocity_pp_h,-0.6042172638001746,-1.3169759964290106,-0.025964675814485673,0.038,30998,1188,True,VALIDATABLE,1.0.0
720,720,+ full controls,acceleration_pp_h2,5.064876596420046,-0.5831099840230912,10.512496646865321,0.088,30998,1188,False,VALIDATABLE,1.0.0
720,720,+ full controls,hours_to_kickoff,-0.0012867224234719699,-0.002338782130019063,-0.00017292266330005713,0.018,30998,1188,True,VALIDATABLE,1.0.0
720,720,+ full controls,dispersion,-20.588077093255958,-36.38244669816114,0.16720057900975724,0.052,30998,1188,False,VALIDATABLE,1.0.0
720,720,+ section 9 controls,intercept,0.18851133579860835,-0.2966186978192508,0.7058741236429946,0.428,14644,320,False,RESEARCH,1.0.0
720,720,+ section 9 controls,residual_pp,0.008701948841170945,-0.0021388477988819256,0.020949790748157567,0.138,14644,320,False,RESEARCH,1.0.0
720,720,+ section 9 controls,prev_move_pp,-0.1287095171536515,-0.2328207776203335,-0.04108702160099913,0.008,14644,320,True,RESEARCH,1.0.0
720,720,+ section 9 controls,velocity_pp_h,-0.009081724830327443,-0.052944192970733064,0.026012856332105545,0.578,14644,320,False,RESEARCH,1.0.0
720,720,+ section 9 controls,acceleration_pp_h2,2.550595383175033,-3.4336484099086197,9.23620394233772,0.394,14644,320,False,RESEARCH,1.0.0
720,720,+ section 9 controls,hours_to_kickoff,-0.0010357789504820015,-0.002574429427780107,0.0003085687752055327,0.146,14644,320,False,RESEARCH,1.0.0
720,720,+ section 9 controls,dispersion,10.556247011028894,-2.520230403259743,23.65438375510582,0.106,14644,320,False,RESEARCH,1.0.0
720,720,+ section 9 controls,move_30m,-0.10619166696043428,-0.19191836716631303,-0.007531044256901945,0.032,14644,320,True,RESEARCH,1.0.0
720,720,+ section 9 controls,move_3h,-0.027245174490251052,-0.15883257891236982,0.07803856899472346,0.578,14644,320,False,RESEARCH,1.0.0
720,720,+ section 9 controls,velocity_1h,0.02588064180891268,-0.10707303234014835,0.14729590337838705,0.78,14644,320,False,RESEARCH,1.0.0
720,720,+ section 9 controls,direction_streak,-0.015237849472723743,-0.05732731852923689,0.03212439874769632,0.644,14644,320,False,RESEARCH,1.0.0
720,720,+ section 9 controls,dispersion_change,-10.677468041124165,-32.780917487750436,12.767767061112506,0.434,14644,320,False,RESEARCH,1.0.0
720,720,+ section 9 controls,n_books,-0.00800796448158098,-0.021002613651028332,0.004905151425518853,0.216,14644,320,False,RESEARCH,1.0.0
720,720,+ section 9 controls,current_probability,-0.11904229587393692,-0.9512916675235176,0.7010373688940356,0.778,14644,320,False,RESEARCH,1.0.0
