variant,coef,ci_lo,ci_hi,p_value,toward_rate,n_obs,n_fixtures,excludes_zero,sample_status,toward_rate_vs_v9_pp,beats_v9,calc_version,window_min,future_min,tolerance_min,median_gap_min
PLACEBO_long_momentum,-1.337759796742438,-1.7750208176129254,-0.5378788315907919,0.0,0.4831,46247,1110,True,VALIDATABLE,20.45,True,1.0.0,720,720,300,171.7
PLACEBO_mean_reversion,0.34108954735707303,0.16576978232320255,0.48604966120788634,0.0,0.4701,46247,1110,True,VALIDATABLE,19.15,True,1.0.0,720,720,300,171.7
PLACEBO_momentum_continuation,-0.34108954735707303,-0.48604966120788656,-0.16576978232320258,0.0,0.4349,46247,1110,True,VALIDATABLE,15.63,True,1.0.0,720,720,300,171.7
CONTROL_dispersion,-13.148059678481294,-37.51969742712204,7.154190343168289,0.25,0.3667,46247,1110,False,VALIDATABLE,8.81,True,1.0.0,720,720,300,171.7
PLACEBO_fixed_anchor,0.007218287748393354,0.003682721551223482,0.011567231490114835,0.0,0.2831,46247,1110,True,VALIDATABLE,0.45,True,1.0.0,720,720,300,171.7
v9_residual,0.014739677023468806,0.008943843013053654,0.022321518626428543,0.0,0.2786,46247,1110,True,VALIDATABLE,0.0,False,1.0.0,720,720,300,171.7
PLACEBO_shuffled_residual,0.004614100473020125,0.002053176354730985,0.007624884976438635,0.0,0.2745,46247,1110,True,VALIDATABLE,-0.41,False,1.0.0,720,720,300,171.7
PLACEBO_random_direction,0.006057732654575229,-0.0038404637083546355,0.01567936231694745,0.305,0.2665,46247,1110,False,VALIDATABLE,-1.21,False,1.0.0,720,720,300,171.7
CONTROL_market_only,0.007218287748393349,0.0036827215512234826,0.011567231490114847,0.0,0.2503,46247,1110,True,VALIDATABLE,-2.83,False,1.0.0,720,720,300,171.7
