feature,n,non_null,coverage_pct,missing_pct,mean,p05,p95,generated_at
n_books,59748,50913,85.21,14.79,8.822,3.0,15.0,2026-09-29T14:54:26Z
market_prob_std,59748,48927,81.89,18.11,0.0089,0.0016,0.0186,2026-09-29T14:54:26Z
market_prob_range,59748,0,0.0,100.0,,,,2026-09-29T14:54:26Z
market_move_pp,59748,59748,100.0,0.0,0.2138,-3.92,4.33,2026-09-29T14:54:26Z
move_from_open_pp,59748,58653,98.17,1.83,0.1284,-2.95,3.6,2026-09-29T14:54:26Z
last_move_pp,59748,58653,98.17,1.83,0.0085,-0.3,0.37,2026-09-29T14:54:26Z
n_price_changes,59748,59748,100.0,0.0,3.2331,0.0,11.0,2026-09-29T14:54:26Z
time_since_last_change_min,59748,44181,73.95,26.05,1012.6533,52.8167,3359.15,2026-09-29T14:54:26Z
reversal_count,59748,59748,100.0,0.0,1.4548,0.0,6.0,2026-09-29T14:54:26Z
velocity_1h,59748,27151,45.44,54.56,0.0016,-0.1845,0.1974,2026-09-29T14:54:26Z
largest_move_1h_pp,59748,27151,45.44,54.56,0.0694,0.0,0.43,2026-09-29T14:54:26Z
range_1h_pp,59748,27151,45.44,54.56,0.0713,0.0,0.44,2026-09-29T14:54:26Z
window_span_1h_min,59748,35510,59.43,40.57,44.8429,21.2667,59.1833,2026-09-29T14:54:26Z
velocity_3h,59748,42505,71.14,28.86,0.0001,-0.182,0.1987,2026-09-29T14:54:26Z
largest_move_3h_pp,59748,42505,71.14,28.86,0.1667,0.0,0.97,2026-09-29T14:54:26Z
range_3h_pp,59748,42505,71.14,28.86,0.1812,0.0,1.05,2026-09-29T14:54:26Z
window_span_3h_min,59748,46183,77.3,22.7,147.7338,55.4833,178.5833,2026-09-29T14:54:26Z
velocity_6h,59748,41821,70.0,30.0,0.0026,-0.1596,0.1772,2026-09-29T14:54:26Z
largest_move_6h_pp,59748,41821,70.0,30.0,0.2885,0.0,1.41,2026-09-29T14:54:26Z
range_6h_pp,59748,41821,70.0,30.0,0.3267,0.0,1.61,2026-09-29T14:54:26Z
window_span_6h_min,59748,52668,88.15,11.85,269.6921,75.35,357.5167,2026-09-29T14:54:26Z
market_acceleration,59748,24892,41.66,58.34,0.0001,-0.2849,0.287,2026-09-29T14:54:26Z
velocity_30m,59748,0,0.0,100.0,,,,2026-09-29T14:54:26Z
