segment,unit,n_obs,n_fixtures,n_moved,toward_rate,toward_ci_lo,toward_ci_hi,z_vs_chance,p_value,mean_signed_move_pp,median_signed_move_pp,signed_ci_lo,signed_ci_hi,mean_abs_move_pp,mean_window_min,signed_move_per_hour_pp,mean_move_when_correct_pp,mean_move_when_wrong_pp,p_move_ge_05pp,p_move_ge_1pp,p_move_ge_2pp,n_clv,mean_clv_pct,median_clv_pct,pct_positive_clv,mean_entry_odds,mean_close_odds,sample_status
Argentina Primera Division,fixture,63,63,54,0.5556,0.4238,0.68,0.816,0.41422,0.32,0.45,-0.4646,1.1046,2.3093,8161.4,0.0024,2.3663,-2.2379,0.9074,0.7222,0.4259,54,0.2121,1.2527,0.537,2.3035,2.3217,EARLY_SIGNAL
Austrian Bundesliga,fixture,24,24,22,0.5,0.3072,0.6928,0.0,1.0,0.835,0.05,-1.4602,3.1302,2.6832,8190.5,0.0061,3.5182,-1.8482,0.9545,0.5909,0.4545,22,-2.733,-1.6919,0.2727,2.1273,2.2009,INSUFFICIENT_SAMPLE
Brazil Serie A,fixture,55,55,48,0.5833,0.4428,0.7115,1.155,0.24821,0.8596,0.97,-0.3412,2.0604,3.5362,9217.3,0.0056,3.7679,-3.212,0.9792,0.875,0.6458,48,2.3926,3.5913,0.6458,2.0244,1.9887,EARLY_SIGNAL
Bundesliga 2,fixture,36,36,36,0.3889,0.2478,0.5514,-1.333,0.18242,-0.17,-0.55,-1.2348,0.8948,2.5989,8438.8,-0.0012,3.1229,-2.2655,0.9167,0.8056,0.5278,36,-1.4308,-1.6256,0.3333,2.1636,2.2189,INSUFFICIENT_SAMPLE
Championship,fixture,84,84,78,0.5385,0.4286,0.6447,0.679,0.49691,0.4535,0.7,-0.3529,1.2598,2.8694,8113.6,0.0034,3.0855,-2.6172,0.9615,0.8846,0.5128,78,0.784,0.4999,0.5128,1.9485,1.9435,EARLY_SIGNAL
China Super League,fixture,29,29,24,0.375,0.2116,0.5729,-1.225,0.22067,-0.2492,-0.68,-1.5186,1.0203,2.3842,7393.5,-0.002,2.8467,-2.1067,0.9583,0.6667,0.4167,24,-1.7472,-2.2305,0.2917,2.3917,2.4542,INSUFFICIENT_SAMPLE
Denmark Superliga,fixture,33,33,31,0.3871,0.2373,0.5618,-1.257,0.20867,-0.3145,-0.8,-1.1885,0.5595,2.1513,8486.4,-0.0022,2.3725,-2.0116,0.9677,0.8065,0.4839,31,-1.6768,-0.6173,0.3548,2.2,2.2465,INSUFFICIENT_SAMPLE
Finland Veikkausliiga,fixture,31,31,29,0.6552,0.4734,0.8006,1.671,0.09467,1.7952,1.28,0.3949,3.1954,3.2669,8238.8,0.0131,3.8632,-2.134,0.8966,0.7586,0.5517,29,2.4473,0.0,0.4138,2.1079,2.0662,INSUFFICIENT_SAMPLE
Ireland Premier Division,fixture,26,26,25,0.44,0.2667,0.6293,-0.6,0.54851,-0.8508,-0.64,-2.0173,0.3157,2.5668,8691.7,-0.0059,1.95,-3.0514,0.88,0.84,0.56,25,-1.7708,0.0,0.24,2.0048,2.0464,INSUFFICIENT_SAMPLE
Japan J-League,fixture,60,60,55,0.7091,0.5786,0.8123,3.101,0.00193,1.8609,1.25,0.972,2.7498,3.0467,7475.8,0.0149,3.4605,-2.0381,0.8909,0.7636,0.5636,55,1.2181,0.0,0.4364,2.0178,1.998,EARLY_SIGNAL
La Liga 2,fixture,75,75,68,0.5147,0.3983,0.6295,0.243,0.80837,0.5744,0.41,-0.2784,1.4272,2.5659,8101.1,0.0043,3.0506,-2.0518,0.8971,0.6618,0.4706,68,0.8277,0.0,0.4118,2.0416,2.0324,EARLY_SIGNAL
League One,fixture,92,92,82,0.439,0.3367,0.5468,-1.104,0.26946,-0.6634,-0.55,-1.2613,-0.0655,2.1117,7708.0,-0.0052,1.6494,-2.4735,0.8171,0.6463,0.4268,82,-2.0083,-0.7609,0.2439,1.9865,2.0341,EARLY_SIGNAL
League Two,fixture,95,95,89,0.5393,0.4363,0.6391,0.742,0.45809,0.6057,0.26,-0.053,1.2645,2.5188,7695.8,0.0047,2.8967,-2.0763,0.8539,0.7303,0.5169,89,0.4936,0.0,0.4494,1.9504,1.947,EARLY_SIGNAL
Ligue 2,fixture,45,45,42,0.6667,0.5155,0.7899,2.16,0.03075,1.3488,1.73,0.5595,2.1382,2.3926,6518.0,0.0124,2.8061,-1.5657,0.881,0.7143,0.5,42,2.434,2.2773,0.619,2.0062,1.9636,INSUFFICIENT_SAMPLE
Mexico Liga MX,fixture,59,59,57,0.7544,0.629,0.8477,3.841,0.00012,2.1086,1.61,1.4056,2.8115,2.6061,8575.3,0.0148,3.1249,-1.0129,0.8596,0.7719,0.4561,57,2.8259,1.2766,0.614,2.1404,2.0847,EARLY_SIGNAL
Norway Eliteserien,fixture,34,34,31,0.5161,0.3484,0.6803,0.18,0.85746,-0.1371,0.44,-1.3052,1.031,2.6319,8071.0,-0.001,2.4169,-2.8613,0.9677,0.9355,0.4516,31,-1.0972,0.0,0.4839,2.4287,2.4958,INSUFFICIENT_SAMPLE
Serie B,fixture,51,51,48,0.6875,0.5467,0.8005,2.598,0.00937,1.9156,1.22,0.9211,2.9102,3.0123,7979.3,0.0144,3.5839,-1.7547,0.9167,0.7292,0.5208,48,2.8599,2.1528,0.6042,2.0842,2.0273,EARLY_SIGNAL
Sweden Allsvenskan,fixture,42,42,38,0.7105,0.5524,0.83,2.596,0.00944,0.8558,1.105,0.1956,1.516,1.8289,8315.0,0.0062,1.8893,-1.6809,0.8684,0.7368,0.3158,38,1.7228,1.3782,0.5789,2.1839,2.1518,INSUFFICIENT_SAMPLE
USA MLS,fixture,122,122,109,0.4954,0.4033,0.5878,-0.096,0.92369,-0.0258,-0.24,-0.598,0.5465,2.3687,7999.5,-0.0002,2.3646,-2.3727,0.8899,0.7706,0.4954,109,-1.0283,0.0,0.4037,2.5014,2.555,EARLY_SIGNAL
