segment,unit,n_obs,n_fixtures,n_moved,toward_rate,toward_ci_lo,toward_ci_hi,z_vs_chance,p_value,mean_signed_move_pp,median_signed_move_pp,signed_ci_lo,signed_ci_hi,mean_abs_move_pp,mean_window_min,signed_move_per_hour_pp,mean_move_when_correct_pp,mean_move_when_wrong_pp,p_move_ge_05pp,p_move_ge_1pp,p_move_ge_2pp,n_clv,mean_clv_pct,median_clv_pct,pct_positive_clv,mean_entry_odds,mean_close_odds,sample_status,note
"overall (fixture-level, earliest entry)",fixture,1124,1124,997,0.5627,0.5317,0.5932,3.959,8e-05,0.572,0.52,0.3642,0.7798,2.593,8107.5,0.0042,2.8124,-2.3107,0.8987,0.7593,0.4935,997.0,0.3315,0.0,0.4514,2.1298,2.1363,VALIDATABLE,
"overall (snapshot-level, cluster CI)",snapshot,58216,1124,49868,0.5319,0.4974,0.5649,1.853,0.0639,0.4126,0.33,0.2184,0.6066,2.068,4957.7,0.005,2.3306,-1.7693,0.8647,0.6731,0.3894,49834.0,-0.0243,0.0,0.3888,2.1259,2.1361,VALIDATABLE,
PLACEBO fixed anchor (fixture-level),fixture,997,997,997,0.5797,,,,,,,,,,,,,,,,,,,,,,,VALIDATABLE,
month 2026-08,snapshot,40318,541,35062,0.5395,0.4939,0.5861,1.678,0.0934,0.4797,0.39,0.2264,0.7343,2.0645,5047.6,0.0057,2.3571,-1.7227,0.8659,0.6797,0.3867,35033.0,0.0032,0.0,0.3907,2.1407,2.1509,VALIDATABLE,
month 2026-09,snapshot,17522,701,14620,0.5135,0.4808,0.5455,0.82,0.41218,0.2559,0.23,0.079,0.4287,2.0823,4784.4,0.0032,2.2744,-1.8763,0.8635,0.6593,0.3966,14615.0,-0.0831,0.0,0.3867,2.0927,2.103,VALIDATABLE,
month 2026-10,snapshot,376,94,186,0.543,0.393,0.6826,0.582,0.56047,0.0783,0.31,-0.6069,0.7334,1.607,1636.0,0.0029,1.5519,-1.6726,0.7419,0.5,0.3333,186.0,-0.5789,0.0,0.2043,1.947,1.9625,EARLY_SIGNAL,
week 2026-W34,snapshot,27937,322,24765,0.5465,0.4876,0.6026,1.586,0.11281,0.4989,0.42,0.1753,0.8198,2.1418,4783.6,0.0063,2.4153,-1.8113,0.8785,0.7076,0.4167,24762.0,0.0293,0.0,0.397,2.1414,2.1529,RESEARCH,
week 2026-W35,snapshot,12037,321,9985,0.523,0.4593,0.5877,0.702,0.48259,0.4334,0.28,0.0879,0.8175,1.859,5688.4,0.0046,2.1899,-1.5005,0.8338,0.6097,0.3091,9959.0,-0.0633,0.0,0.3742,2.142,2.1488,RESEARCH,
week 2026-W36,snapshot,5823,379,4773,0.5699,0.517,0.6185,2.7,0.00694,0.6401,0.44,0.3169,0.9268,2.1914,4822.9,0.008,2.4843,-1.8034,0.8565,0.6606,0.4134,4773.0,0.4325,0.0,0.4132,2.0934,2.0921,RESEARCH,
week 2026-W37,snapshot,5855,367,5061,0.5027,0.4555,0.55,0.111,0.91193,0.3484,0.21,0.078,0.6177,2.1597,4913.6,0.0043,2.4948,-1.8211,0.8805,0.6827,0.3958,5061.0,0.0532,0.0,0.3987,2.0827,2.0908,RESEARCH,
week 2026-W38,snapshot,4242,240,3552,0.4566,0.4012,0.5146,-1.498,0.13418,-0.3094,-0.34,-0.5674,-0.0504,1.8137,4501.9,-0.0041,1.6371,-1.9502,0.8474,0.6239,0.3533,3547.0,-0.9485,0.0,0.3459,2.1201,2.1503,RESEARCH,
week 2026-W39,snapshot,1520,98,1245,0.5004,0.4253,0.5771,0.01,0.99173,0.1444,0.21,-0.3048,0.5702,2.1651,5003.2,0.0017,2.3077,-2.0223,0.8675,0.6683,0.4578,1245.0,-0.0682,0.0,0.3598,2.0598,2.0655,EARLY_SIGNAL,
week 2026-W40,snapshot,802,104,487,0.5298,0.3945,0.6673,0.428,0.66881,-0.0178,0.32,-0.8138,0.7912,2.0438,3819.0,-0.0003,1.9122,-2.1921,0.8378,0.6078,0.4394,487.0,-0.392,0.0,0.3121,1.9903,2.0055,EARLY_SIGNAL,
first half of sample,snapshot,43878,562,37851,0.5413,0.4967,0.5854,1.824,0.06815,0.4817,0.39,0.2369,0.7277,2.0601,4942.2,0.0058,2.3472,-1.7223,0.8641,0.6762,0.3843,37822.0,0.0251,0.0,0.3922,2.1381,2.1474,VALIDATABLE,
second half of sample,snapshot,14338,562,12017,0.5023,0.4661,0.5401,0.121,0.90354,0.1948,0.21,-0.006,0.3937,2.0928,5006.8,0.0023,2.2745,-1.9056,0.8666,0.6633,0.4054,12012.0,-0.1797,0.0,0.3782,2.0875,2.1006,VALIDATABLE,
