segment,unit,n_fixtures,n,toward_pct,toward_ci_lo,toward_ci_hi,placebo_anchor_pct,edge_vs_placebo_pp,placebo_shuffled_pct,placebo_flipped_pct,mean_signed_move_pp,median_signed_move_pp,mean_clv_pct,median_clv_pct,clv_ci_lo,clv_ci_hi,positive_clv_pct,median_abs_residual_pp,sample_status,generated_at
entry=earliest,fixture,1046,1046,56.69,53.67,59.67,58.7,-2.01,48.85,43.31,0.566,0.51,0.333,0.0,-0.089,0.743,43.69,4.44,VALIDATABLE,2026-10-05T01:03:17Z
entry=~24h,fixture,825,825,51.76,48.35,55.15,51.88,-0.12,47.88,48.24,0.179,0.25,-0.294,0.0,-0.611,0.017,33.21,4.09,VALIDATABLE,2026-10-05T01:03:17Z
entry=~12h,fixture,707,707,49.93,46.25,53.61,49.5,0.42,46.53,50.07,0.063,-0.2,-0.253,0.0,-0.579,0.075,29.0,4.25,VALIDATABLE,2026-10-05T01:03:17Z
entry=~6h,fixture,643,643,47.43,43.6,51.3,48.21,-0.78,53.34,52.57,0.01,-0.24,-0.233,0.0,-0.526,0.055,25.35,4.15,VALIDATABLE,2026-10-05T01:03:17Z
entry=~3h,fixture,612,612,48.69,44.75,52.65,48.53,0.16,49.35,51.31,0.012,-0.21,-0.214,0.0,-0.494,0.069,25.33,4.13,VALIDATABLE,2026-10-05T01:03:17Z
entry=~1h,fixture,575,575,48.35,44.29,52.43,49.39,-1.04,50.09,51.65,0.036,-0.21,-0.124,0.0,-0.431,0.161,25.39,4.15,VALIDATABLE,2026-10-05T01:03:17Z
model=new_format,fixture,562,562,56.76,52.63,60.8,59.79,-3.02,51.07,43.24,0.595,0.58,0.23,0.0,-0.33,0.833,44.66,4.76,VALIDATABLE,2026-10-05T01:03:17Z
model=standard,fixture,484,484,56.61,52.16,60.96,56.4,0.21,52.07,43.39,0.533,0.465,0.452,0.0,-0.114,1.031,42.56,4.09,RESEARCH,2026-10-05T01:03:17Z
trend=MARKET_FLAT,fixture,170,170,55.29,47.79,62.57,56.47,-1.18,45.88,44.71,0.523,0.64,-0.107,0.0,-1.176,0.974,41.18,4.84,RESEARCH,2026-10-05T01:03:17Z
trend=UNKNOWN,fixture,796,796,58.54,55.09,61.92,59.92,-1.38,48.49,41.46,0.665,0.575,0.586,0.0,0.143,1.037,45.1,4.3,VALIDATABLE,2026-10-05T01:03:17Z
trend=WOWZA_ALIGNS_WITH_TREND,fixture,44,44,25.0,14.57,39.44,50.0,-25.0,38.64,75.0,-1.118,-1.165,-2.075,-1.973,-4.44,0.533,29.55,5.26,INSUFFICIENT_SAMPLE,2026-10-05T01:03:17Z
trend=WOWZA_OPPOSES_TREND,fixture,36,36,61.11,44.86,75.22,52.78,8.33,55.56,38.89,0.64,0.9,-0.255,0.0,-2.51,2.109,41.67,4.45,INSUFFICIENT_SAMPLE,2026-10-05T01:03:17Z
abs_residual=0-2,fixture,243,243,54.32,48.04,60.47,55.97,-1.65,46.09,45.68,0.307,0.38,0.488,0.0,-0.311,1.296,44.03,0.98,RESEARCH,2026-10-05T01:03:17Z
abs_residual=10+,fixture,157,157,59.24,51.42,66.61,52.87,6.37,47.77,40.76,0.935,0.74,0.263,0.0,-1.036,1.487,43.31,12.55,RESEARCH,2026-10-05T01:03:17Z
abs_residual=2-4,fixture,234,234,57.69,51.29,63.85,60.68,-2.99,46.58,42.31,0.57,0.63,0.48,0.0,-0.351,1.31,48.29,3.04,RESEARCH,2026-10-05T01:03:17Z
abs_residual=4-6,fixture,181,181,53.04,45.78,60.17,54.14,-1.1,49.72,46.96,0.489,0.46,0.015,0.0,-0.841,0.863,40.33,4.87,RESEARCH,2026-10-05T01:03:17Z
abs_residual=6-8,fixture,134,134,61.94,53.5,69.72,63.43,-1.49,48.51,38.06,0.942,0.765,0.42,0.0,-0.668,1.534,39.55,6.7,EARLY_SIGNAL,2026-10-05T01:03:17Z
abs_residual=8-10,fixture,97,97,55.67,45.76,65.15,63.92,-8.25,45.36,44.33,0.235,0.36,0.174,0.0,-1.422,1.711,44.33,8.89,EARLY_SIGNAL,2026-10-05T01:03:17Z
dispersion=tight,fixture,295,295,55.59,49.89,61.16,57.97,-2.37,51.53,44.41,0.609,0.41,0.082,0.0,-0.711,0.897,41.69,4.48,RESEARCH,2026-10-05T01:03:17Z
dispersion=mid,fixture,294,294,54.76,49.05,60.35,59.52,-4.76,48.64,45.24,0.489,0.38,0.369,0.0,-0.349,1.106,43.88,4.48,RESEARCH,2026-10-05T01:03:17Z
dispersion=dispersed,fixture,294,294,60.88,55.2,66.29,58.5,2.38,46.6,39.12,0.6,0.82,0.685,0.0,-0.015,1.466,45.92,4.31,RESEARCH,2026-10-05T01:03:17Z
