scope,n,brier_market,brier_market_wowza,logloss_market,logloss_market_wowza,wowza_helps,generated_at,calculation_version
overall,1130,0.24,0.24,0.6724,0.6725,False,2026-10-03T21:27:22Z,1.0.0
Argentina Primera Division,75,0.227,0.227,0.6453,0.6453,True,2026-10-03T21:27:22Z,1.0.0
Austrian Bundesliga,30,0.2123,0.2133,0.6151,0.6175,False,2026-10-03T21:27:22Z,1.0.0
Brazil Serie A,57,0.2619,0.2618,0.7175,0.7173,True,2026-10-03T21:27:22Z,1.0.0
Bundesliga 2,45,0.2329,0.2335,0.6585,0.6597,False,2026-10-03T21:27:22Z,1.0.0
Championship,85,0.2421,0.2424,0.6772,0.6777,False,2026-10-03T21:27:22Z,1.0.0
China Super League,35,0.2012,0.2016,0.5885,0.5901,False,2026-10-03T21:27:22Z,1.0.0
Denmark Superliga,41,0.255,0.2537,0.7048,0.7019,True,2026-10-03T21:27:22Z,1.0.0
Finland Veikkausliiga,45,0.248,0.248,0.689,0.6891,False,2026-10-03T21:27:22Z,1.0.0
Ireland Premier Division,31,0.2384,0.2388,0.6697,0.6705,False,2026-10-03T21:27:22Z,1.0.0
Japan J-League,66,0.2581,0.2576,0.7098,0.7086,True,2026-10-03T21:27:22Z,1.0.0
La Liga 2,73,0.2396,0.24,0.6723,0.6731,False,2026-10-03T21:27:22Z,1.0.0
League One,81,0.2501,0.2501,0.6941,0.694,True,2026-10-03T21:27:22Z,1.0.0
League Two,89,0.2448,0.2452,0.6826,0.6834,False,2026-10-03T21:27:22Z,1.0.0
Ligue 2,40,0.2362,0.2365,0.6653,0.6659,False,2026-10-03T21:27:22Z,1.0.0
Mexico Liga MX,63,0.266,0.2642,0.7256,0.722,True,2026-10-03T21:27:22Z,1.0.0
Norway Eliteserien,41,0.1894,0.1911,0.5637,0.5682,False,2026-10-03T21:27:22Z,1.0.0
Serie B,51,0.2609,0.2599,0.7152,0.7132,True,2026-10-03T21:27:22Z,1.0.0
Sweden Allsvenskan,51,0.2627,0.2618,0.7199,0.7178,True,2026-10-03T21:27:22Z,1.0.0
USA MLS,131,0.2179,0.2184,0.6268,0.628,False,2026-10-03T21:27:22Z,1.0.0
